title,type,location,experience,job_posted
Big Data Intern,Internship,Hyderabad,0 - 2 Years,5 days
Senior Cloud Specialist,Full-time,Singapore,5 - 10 Years,9 days
Cloud Native Developer,Full-time,Hyderabad,2 - 5 Years,10 days
Data Scientist Intern,Internship,Hyderabad,0 - 4 Years,12 days
Embedded Engineer,Full-time,Hyderabad,2 - 4 Years,13 days
Networking & Security Specialist,Full-time,Hyderabad,2 - 6 Years,18 days
System Engineer,Internship,Mauritius,0 - 1 Years,18 days
Associate QA Engineer,Full-time,Hyderabad,1 - 3 Years,19 days
Solution Architect,Full-time,Hyderabad,9 - 15 Years,19 days
Sr. Microservices Developer,Full-time,Hyderabad,4 - 9 Years,30 days
SOA Consultant,Full-time,Hyderabad,0 - 1 Years,30 days
Android Mobile Developer,Full-time,mauritius,3 - 8 Years,30 days
Associate Cloud Engineer,Full-time,Hyderabad,0 - 3 Years,30 days
Sr Full Stack Developer,Full-time,Mauritius,3 - 8 Years,30 days
Sr SAP PI/PO Developer,Contract,New Jersey,7 - 12 Years,30 days
Blockchain Developer,Full-time,Hyderabad,1 - 4 Years,30 days
Junior Cloud Native Developer,Full-time,Delaware,1 - 2 Years,60 days
Senior DevOps Engineer,Full-time,Hyderabad,3 - 10 Years,60 days
Lead DevOps Engineer,Full-time,Hyderabad,5 - 11 Years,60 days
Site Reliability Engineer,Full-time,New York,1 - 3 Years,60 days
OSS DevOps Engineer,Full-time,Hyderabad,6 - 12 Years,60 days
Sr SDET,Full-time,New York,3 - 10 Years,60 days
Engineering Lead,Full-time,Mauritius,7 - 18 Years,60 days
Machine Learning Engineer,Full-time,Hyderabad,3 - 5 Years,60 days
